-- Enable reporting for Omniconvert
UPDATE public.company_content_settings 
SET enable_reporting = true 
WHERE company_id = 'dff411eb-ae53-4724-8456-5db4fff10441';

-- Insert if not exists
INSERT INTO public.company_content_settings (company_id, enable_reporting)
SELECT 'dff411eb-ae53-4724-8456-5db4fff10441', true
WHERE NOT EXISTS (
  SELECT 1 FROM public.company_content_settings 
  WHERE company_id = 'dff411eb-ae53-4724-8456-5db4fff10441'
);

-- Create Marketing Performance parent category
INSERT INTO public.reporting_categories (id, company_id, name, slug, parent_id, sort_order)
VALUES ('11111111-1111-1111-1111-111111111111', 'dff411eb-ae53-4724-8456-5db4fff10441', 'Marketing Performance', 'marketing-performance', NULL, 0);

-- Create Organic Performance subcategory
INSERT INTO public.reporting_categories (id, company_id, name, slug, parent_id, sort_order)
VALUES ('22222222-2222-2222-2222-222222222222', 'dff411eb-ae53-4724-8456-5db4fff10441', 'Organic Performance', 'organic-performance', '11111111-1111-1111-1111-111111111111', 0);

-- Create Paid Performance subcategory
INSERT INTO public.reporting_categories (id, company_id, name, slug, parent_id, sort_order)
VALUES ('33333333-3333-3333-3333-333333333333', 'dff411eb-ae53-4724-8456-5db4fff10441', 'Paid Performance', 'paid-performance', '11111111-1111-1111-1111-111111111111', 1);

-- Create Social Performance subcategory
INSERT INTO public.reporting_categories (id, company_id, name, slug, parent_id, sort_order)
VALUES ('44444444-4444-4444-4444-444444444444', 'dff411eb-ae53-4724-8456-5db4fff10441', 'Social Performance', 'social-performance', '11111111-1111-1111-1111-111111111111', 2);

-- Create Sales Performance parent category
INSERT INTO public.reporting_categories (id, company_id, name, slug, parent_id, sort_order)
VALUES ('55555555-5555-5555-5555-555555555555', 'dff411eb-ae53-4724-8456-5db4fff10441', 'Sales Performance', 'sales-performance', NULL, 1);

-- Create Sales Activity subcategory
INSERT INTO public.reporting_categories (id, company_id, name, slug, parent_id, sort_order)
VALUES ('66666666-6666-6666-6666-666666666666', 'dff411eb-ae53-4724-8456-5db4fff10441', 'Sales Activity', 'sales-activity', '55555555-5555-5555-5555-555555555555', 0);

-- Create Sales Outcome subcategory
INSERT INTO public.reporting_categories (id, company_id, name, slug, parent_id, sort_order)
VALUES ('77777777-7777-7777-7777-777777777777', 'dff411eb-ae53-4724-8456-5db4fff10441', 'Sales Outcome', 'sales-outcome', '55555555-5555-5555-5555-555555555555', 1);

-- ORGANIC PERFORMANCE METRICS
INSERT INTO public.reporting_metrics (id, company_id, category_id, name, sort_order) VALUES
('aaaa0001-0001-0001-0001-000000000001', 'dff411eb-ae53-4724-8456-5db4fff10441', '22222222-2222-2222-2222-222222222222', 'SEO Visits', 0),
('aaaa0001-0001-0001-0001-000000000002', 'dff411eb-ae53-4724-8456-5db4fff10441', '22222222-2222-2222-2222-222222222222', 'SEO Signups', 1),
('aaaa0001-0001-0001-0001-000000000003', 'dff411eb-ae53-4724-8456-5db4fff10441', '22222222-2222-2222-2222-222222222222', 'SEO Customers', 2),
('aaaa0001-0001-0001-0001-000000000004', 'dff411eb-ae53-4724-8456-5db4fff10441', '22222222-2222-2222-2222-222222222222', 'Referral Visits', 3),
('aaaa0001-0001-0001-0001-000000000005', 'dff411eb-ae53-4724-8456-5db4fff10441', '22222222-2222-2222-2222-222222222222', 'Referral Signups', 4),
('aaaa0001-0001-0001-0001-000000000006', 'dff411eb-ae53-4724-8456-5db4fff10441', '22222222-2222-2222-2222-222222222222', 'Referral Customers', 5),
('aaaa0001-0001-0001-0001-000000000007', 'dff411eb-ae53-4724-8456-5db4fff10441', '22222222-2222-2222-2222-222222222222', 'Direct Visits', 6),
('aaaa0001-0001-0001-0001-000000000008', 'dff411eb-ae53-4724-8456-5db4fff10441', '22222222-2222-2222-2222-222222222222', 'Direct Signups', 7),
('aaaa0001-0001-0001-0001-000000000009', 'dff411eb-ae53-4724-8456-5db4fff10441', '22222222-2222-2222-2222-222222222222', 'Direct Customers', 8),
('aaaa0001-0001-0001-0001-000000000010', 'dff411eb-ae53-4724-8456-5db4fff10441', '22222222-2222-2222-2222-222222222222', 'Email Visits', 9),
('aaaa0001-0001-0001-0001-000000000011', 'dff411eb-ae53-4724-8456-5db4fff10441', '22222222-2222-2222-2222-222222222222', 'Email Signups', 10),
('aaaa0001-0001-0001-0001-000000000012', 'dff411eb-ae53-4724-8456-5db4fff10441', '22222222-2222-2222-2222-222222222222', 'Email Customers', 11);

-- PAID PERFORMANCE METRICS
INSERT INTO public.reporting_metrics (id, company_id, category_id, name, sort_order) VALUES
('bbbb0001-0001-0001-0001-000000000001', 'dff411eb-ae53-4724-8456-5db4fff10441', '33333333-3333-3333-3333-333333333333', 'Media Cost', 0),
('bbbb0001-0001-0001-0001-000000000002', 'dff411eb-ae53-4724-8456-5db4fff10441', '33333333-3333-3333-3333-333333333333', 'CPC', 1),
('bbbb0001-0001-0001-0001-000000000003', 'dff411eb-ae53-4724-8456-5db4fff10441', '33333333-3333-3333-3333-333333333333', 'Clicks', 2),
('bbbb0001-0001-0001-0001-000000000004', 'dff411eb-ae53-4724-8456-5db4fff10441', '33333333-3333-3333-3333-333333333333', 'Cost per Signup', 3),
('bbbb0001-0001-0001-0001-000000000005', 'dff411eb-ae53-4724-8456-5db4fff10441', '33333333-3333-3333-3333-333333333333', 'Signups', 4),
('bbbb0001-0001-0001-0001-000000000006', 'dff411eb-ae53-4724-8456-5db4fff10441', '33333333-3333-3333-3333-333333333333', 'Cost per Customer', 5),
('bbbb0001-0001-0001-0001-000000000007', 'dff411eb-ae53-4724-8456-5db4fff10441', '33333333-3333-3333-3333-333333333333', 'Customers', 6),
('bbbb0001-0001-0001-0001-000000000008', 'dff411eb-ae53-4724-8456-5db4fff10441', '33333333-3333-3333-3333-333333333333', 'Revenue from Paid', 7),
('bbbb0001-0001-0001-0001-000000000009', 'dff411eb-ae53-4724-8456-5db4fff10441', '33333333-3333-3333-3333-333333333333', 'ROAS', 8);

-- SOCIAL PERFORMANCE METRICS
INSERT INTO public.reporting_metrics (id, company_id, category_id, name, sort_order) VALUES
('cccc0001-0001-0001-0001-000000000001', 'dff411eb-ae53-4724-8456-5db4fff10441', '44444444-4444-4444-4444-444444444444', 'YouTube Subscribers', 0),
('cccc0001-0001-0001-0001-000000000002', 'dff411eb-ae53-4724-8456-5db4fff10441', '44444444-4444-4444-4444-444444444444', 'YouTube Views', 1),
('cccc0001-0001-0001-0001-000000000003', 'dff411eb-ae53-4724-8456-5db4fff10441', '44444444-4444-4444-4444-444444444444', 'YouTube Watch Hours', 2),
('cccc0001-0001-0001-0001-000000000004', 'dff411eb-ae53-4724-8456-5db4fff10441', '44444444-4444-4444-4444-444444444444', 'LinkedIn Followers', 3),
('cccc0001-0001-0001-0001-000000000005', 'dff411eb-ae53-4724-8456-5db4fff10441', '44444444-4444-4444-4444-444444444444', 'LinkedIn Impressions', 4),
('cccc0001-0001-0001-0001-000000000006', 'dff411eb-ae53-4724-8456-5db4fff10441', '44444444-4444-4444-4444-444444444444', 'Twitter Followers', 5),
('cccc0001-0001-0001-0001-000000000007', 'dff411eb-ae53-4724-8456-5db4fff10441', '44444444-4444-4444-4444-444444444444', 'Twitter Impressions', 6),
('cccc0001-0001-0001-0001-000000000008', 'dff411eb-ae53-4724-8456-5db4fff10441', '44444444-4444-4444-4444-444444444444', 'Facebook Followers', 7),
('cccc0001-0001-0001-0001-000000000009', 'dff411eb-ae53-4724-8456-5db4fff10441', '44444444-4444-4444-4444-444444444444', 'Facebook Reach', 8),
('cccc0001-0001-0001-0001-000000000010', 'dff411eb-ae53-4724-8456-5db4fff10441', '44444444-4444-4444-4444-444444444444', 'Instagram Followers', 9),
('cccc0001-0001-0001-0001-000000000011', 'dff411eb-ae53-4724-8456-5db4fff10441', '44444444-4444-4444-4444-444444444444', 'Instagram Reach', 10),
('cccc0001-0001-0001-0001-000000000012', 'dff411eb-ae53-4724-8456-5db4fff10441', '44444444-4444-4444-4444-444444444444', 'TikTok Followers', 11),
('cccc0001-0001-0001-0001-000000000013', 'dff411eb-ae53-4724-8456-5db4fff10441', '44444444-4444-4444-4444-444444444444', 'TikTok Views', 12);

-- SALES ACTIVITY METRICS
INSERT INTO public.reporting_metrics (id, company_id, category_id, name, sort_order) VALUES
('dddd0001-0001-0001-0001-000000000001', 'dff411eb-ae53-4724-8456-5db4fff10441', '66666666-6666-6666-6666-666666666666', 'Calls Made', 0),
('dddd0001-0001-0001-0001-000000000002', 'dff411eb-ae53-4724-8456-5db4fff10441', '66666666-6666-6666-6666-666666666666', 'Emails Sent', 1),
('dddd0001-0001-0001-0001-000000000003', 'dff411eb-ae53-4724-8456-5db4fff10441', '66666666-6666-6666-6666-666666666666', 'Demos Booked', 2),
('dddd0001-0001-0001-0001-000000000004', 'dff411eb-ae53-4724-8456-5db4fff10441', '66666666-6666-6666-6666-666666666666', 'Proposals Sent', 3);

-- SALES OUTCOME METRICS
INSERT INTO public.reporting_metrics (id, company_id, category_id, name, sort_order) VALUES
('eeee0001-0001-0001-0001-000000000001', 'dff411eb-ae53-4724-8456-5db4fff10441', '77777777-7777-7777-7777-777777777777', 'Opportunities Created', 0),
('eeee0001-0001-0001-0001-000000000002', 'dff411eb-ae53-4724-8456-5db4fff10441', '77777777-7777-7777-7777-777777777777', 'Opportunities Won', 1),
('eeee0001-0001-0001-0001-000000000003', 'dff411eb-ae53-4724-8456-5db4fff10441', '77777777-7777-7777-7777-777777777777', 'Pipeline Value', 2),
('eeee0001-0001-0001-0001-000000000004', 'dff411eb-ae53-4724-8456-5db4fff10441', '77777777-7777-7777-7777-777777777777', 'Revenue', 3),
('eeee0001-0001-0001-0001-000000000005', 'dff411eb-ae53-4724-8456-5db4fff10441', '77777777-7777-7777-7777-777777777777', 'ACV', 4);

-- ORGANIC PERFORMANCE VALUES (Monthly data for 2024)
-- SEO Visits
INSERT INTO public.reporting_metric_values (metric_id, period_date, value) VALUES
('aaaa0001-0001-0001-0001-000000000001', '2024-01-01', 45000),
('aaaa0001-0001-0001-0001-000000000001', '2024-02-01', 48000),
('aaaa0001-0001-0001-0001-000000000001', '2024-03-01', 52000),
('aaaa0001-0001-0001-0001-000000000001', '2024-04-01', 55000),
('aaaa0001-0001-0001-0001-000000000001', '2024-05-01', 58000),
('aaaa0001-0001-0001-0001-000000000001', '2024-06-01', 51000),
('aaaa0001-0001-0001-0001-000000000001', '2024-07-01', 49000),
('aaaa0001-0001-0001-0001-000000000001', '2024-08-01', 47000),
('aaaa0001-0001-0001-0001-000000000001', '2024-09-01', 54000),
('aaaa0001-0001-0001-0001-000000000001', '2024-10-01', 59000),
('aaaa0001-0001-0001-0001-000000000001', '2024-11-01', 62000),
('aaaa0001-0001-0001-0001-000000000001', '2024-12-01', 56000);

-- SEO Signups
INSERT INTO public.reporting_metric_values (metric_id, period_date, value) VALUES
('aaaa0001-0001-0001-0001-000000000002', '2024-01-01', 450),
('aaaa0001-0001-0001-0001-000000000002', '2024-02-01', 480),
('aaaa0001-0001-0001-0001-000000000002', '2024-03-01', 520),
('aaaa0001-0001-0001-0001-000000000002', '2024-04-01', 550),
('aaaa0001-0001-0001-0001-000000000002', '2024-05-01', 580),
('aaaa0001-0001-0001-0001-000000000002', '2024-06-01', 510),
('aaaa0001-0001-0001-0001-000000000002', '2024-07-01', 490),
('aaaa0001-0001-0001-0001-000000000002', '2024-08-01', 470),
('aaaa0001-0001-0001-0001-000000000002', '2024-09-01', 540),
('aaaa0001-0001-0001-0001-000000000002', '2024-10-01', 590),
('aaaa0001-0001-0001-0001-000000000002', '2024-11-01', 620),
('aaaa0001-0001-0001-0001-000000000002', '2024-12-01', 560);

-- SEO Customers
INSERT INTO public.reporting_metric_values (metric_id, period_date, value) VALUES
('aaaa0001-0001-0001-0001-000000000003', '2024-01-01', 23),
('aaaa0001-0001-0001-0001-000000000003', '2024-02-01', 24),
('aaaa0001-0001-0001-0001-000000000003', '2024-03-01', 26),
('aaaa0001-0001-0001-0001-000000000003', '2024-04-01', 28),
('aaaa0001-0001-0001-0001-000000000003', '2024-05-01', 29),
('aaaa0001-0001-0001-0001-000000000003', '2024-06-01', 26),
('aaaa0001-0001-0001-0001-000000000003', '2024-07-01', 25),
('aaaa0001-0001-0001-0001-000000000003', '2024-08-01', 24),
('aaaa0001-0001-0001-0001-000000000003', '2024-09-01', 27),
('aaaa0001-0001-0001-0001-000000000003', '2024-10-01', 30),
('aaaa0001-0001-0001-0001-000000000003', '2024-11-01', 31),
('aaaa0001-0001-0001-0001-000000000003', '2024-12-01', 28);

-- Referral Visits
INSERT INTO public.reporting_metric_values (metric_id, period_date, value) VALUES
('aaaa0001-0001-0001-0001-000000000004', '2024-01-01', 8500),
('aaaa0001-0001-0001-0001-000000000004', '2024-02-01', 9000),
('aaaa0001-0001-0001-0001-000000000004', '2024-03-01', 9500),
('aaaa0001-0001-0001-0001-000000000004', '2024-04-01', 10000),
('aaaa0001-0001-0001-0001-000000000004', '2024-05-01', 10500),
('aaaa0001-0001-0001-0001-000000000004', '2024-06-01', 9200),
('aaaa0001-0001-0001-0001-000000000004', '2024-07-01', 8800),
('aaaa0001-0001-0001-0001-000000000004', '2024-08-01', 8400),
('aaaa0001-0001-0001-0001-000000000004', '2024-09-01', 9800),
('aaaa0001-0001-0001-0001-000000000004', '2024-10-01', 10800),
('aaaa0001-0001-0001-0001-000000000004', '2024-11-01', 11200),
('aaaa0001-0001-0001-0001-000000000004', '2024-12-01', 10200);

-- Referral Signups
INSERT INTO public.reporting_metric_values (metric_id, period_date, value) VALUES
('aaaa0001-0001-0001-0001-000000000005', '2024-01-01', 170),
('aaaa0001-0001-0001-0001-000000000005', '2024-02-01', 180),
('aaaa0001-0001-0001-0001-000000000005', '2024-03-01', 190),
('aaaa0001-0001-0001-0001-000000000005', '2024-04-01', 200),
('aaaa0001-0001-0001-0001-000000000005', '2024-05-01', 210),
('aaaa0001-0001-0001-0001-000000000005', '2024-06-01', 184),
('aaaa0001-0001-0001-0001-000000000005', '2024-07-01', 176),
('aaaa0001-0001-0001-0001-000000000005', '2024-08-01', 168),
('aaaa0001-0001-0001-0001-000000000005', '2024-09-01', 196),
('aaaa0001-0001-0001-0001-000000000005', '2024-10-01', 216),
('aaaa0001-0001-0001-0001-000000000005', '2024-11-01', 224),
('aaaa0001-0001-0001-0001-000000000005', '2024-12-01', 204);

-- Referral Customers
INSERT INTO public.reporting_metric_values (metric_id, period_date, value) VALUES
('aaaa0001-0001-0001-0001-000000000006', '2024-01-01', 9),
('aaaa0001-0001-0001-0001-000000000006', '2024-02-01', 9),
('aaaa0001-0001-0001-0001-000000000006', '2024-03-01', 10),
('aaaa0001-0001-0001-0001-000000000006', '2024-04-01', 10),
('aaaa0001-0001-0001-0001-000000000006', '2024-05-01', 11),
('aaaa0001-0001-0001-0001-000000000006', '2024-06-01', 9),
('aaaa0001-0001-0001-0001-000000000006', '2024-07-01', 9),
('aaaa0001-0001-0001-0001-000000000006', '2024-08-01', 8),
('aaaa0001-0001-0001-0001-000000000006', '2024-09-01', 10),
('aaaa0001-0001-0001-0001-000000000006', '2024-10-01', 11),
('aaaa0001-0001-0001-0001-000000000006', '2024-11-01', 11),
('aaaa0001-0001-0001-0001-000000000006', '2024-12-01', 10);

-- Direct Visits
INSERT INTO public.reporting_metric_values (metric_id, period_date, value) VALUES
('aaaa0001-0001-0001-0001-000000000007', '2024-01-01', 12000),
('aaaa0001-0001-0001-0001-000000000007', '2024-02-01', 12500),
('aaaa0001-0001-0001-0001-000000000007', '2024-03-01', 13000),
('aaaa0001-0001-0001-0001-000000000007', '2024-04-01', 13500),
('aaaa0001-0001-0001-0001-000000000007', '2024-05-01', 14000),
('aaaa0001-0001-0001-0001-000000000007', '2024-06-01', 12800),
('aaaa0001-0001-0001-0001-000000000007', '2024-07-01', 12200),
('aaaa0001-0001-0001-0001-000000000007', '2024-08-01', 11800),
('aaaa0001-0001-0001-0001-000000000007', '2024-09-01', 13200),
('aaaa0001-0001-0001-0001-000000000007', '2024-10-01', 14200),
('aaaa0001-0001-0001-0001-000000000007', '2024-11-01', 14800),
('aaaa0001-0001-0001-0001-000000000007', '2024-12-01', 13600);

-- Direct Signups
INSERT INTO public.reporting_metric_values (metric_id, period_date, value) VALUES
('aaaa0001-0001-0001-0001-000000000008', '2024-01-01', 240),
('aaaa0001-0001-0001-0001-000000000008', '2024-02-01', 250),
('aaaa0001-0001-0001-0001-000000000008', '2024-03-01', 260),
('aaaa0001-0001-0001-0001-000000000008', '2024-04-01', 270),
('aaaa0001-0001-0001-0001-000000000008', '2024-05-01', 280),
('aaaa0001-0001-0001-0001-000000000008', '2024-06-01', 256),
('aaaa0001-0001-0001-0001-000000000008', '2024-07-01', 244),
('aaaa0001-0001-0001-0001-000000000008', '2024-08-01', 236),
('aaaa0001-0001-0001-0001-000000000008', '2024-09-01', 264),
('aaaa0001-0001-0001-0001-000000000008', '2024-10-01', 284),
('aaaa0001-0001-0001-0001-000000000008', '2024-11-01', 296),
('aaaa0001-0001-0001-0001-000000000008', '2024-12-01', 272);

-- Direct Customers
INSERT INTO public.reporting_metric_values (metric_id, period_date, value) VALUES
('aaaa0001-0001-0001-0001-000000000009', '2024-01-01', 12),
('aaaa0001-0001-0001-0001-000000000009', '2024-02-01', 13),
('aaaa0001-0001-0001-0001-000000000009', '2024-03-01', 13),
('aaaa0001-0001-0001-0001-000000000009', '2024-04-01', 14),
('aaaa0001-0001-0001-0001-000000000009', '2024-05-01', 14),
('aaaa0001-0001-0001-0001-000000000009', '2024-06-01', 13),
('aaaa0001-0001-0001-0001-000000000009', '2024-07-01', 12),
('aaaa0001-0001-0001-0001-000000000009', '2024-08-01', 12),
('aaaa0001-0001-0001-0001-000000000009', '2024-09-01', 13),
('aaaa0001-0001-0001-0001-000000000009', '2024-10-01', 14),
('aaaa0001-0001-0001-0001-000000000009', '2024-11-01', 15),
('aaaa0001-0001-0001-0001-000000000009', '2024-12-01', 14);

-- Email Visits
INSERT INTO public.reporting_metric_values (metric_id, period_date, value) VALUES
('aaaa0001-0001-0001-0001-000000000010', '2024-01-01', 6500),
('aaaa0001-0001-0001-0001-000000000010', '2024-02-01', 6800),
('aaaa0001-0001-0001-0001-000000000010', '2024-03-01', 7200),
('aaaa0001-0001-0001-0001-000000000010', '2024-04-01', 7500),
('aaaa0001-0001-0001-0001-000000000010', '2024-05-01', 7800),
('aaaa0001-0001-0001-0001-000000000010', '2024-06-01', 7000),
('aaaa0001-0001-0001-0001-000000000010', '2024-07-01', 6600),
('aaaa0001-0001-0001-0001-000000000010', '2024-08-01', 6400),
('aaaa0001-0001-0001-0001-000000000010', '2024-09-01', 7400),
('aaaa0001-0001-0001-0001-000000000010', '2024-10-01', 8000),
('aaaa0001-0001-0001-0001-000000000010', '2024-11-01', 8400),
('aaaa0001-0001-0001-0001-000000000010', '2024-12-01', 7600);

-- Email Signups
INSERT INTO public.reporting_metric_values (metric_id, period_date, value) VALUES
('aaaa0001-0001-0001-0001-000000000011', '2024-01-01', 195),
('aaaa0001-0001-0001-0001-000000000011', '2024-02-01', 204),
('aaaa0001-0001-0001-0001-000000000011', '2024-03-01', 216),
('aaaa0001-0001-0001-0001-000000000011', '2024-04-01', 225),
('aaaa0001-0001-0001-0001-000000000011', '2024-05-01', 234),
('aaaa0001-0001-0001-0001-000000000011', '2024-06-01', 210),
('aaaa0001-0001-0001-0001-000000000011', '2024-07-01', 198),
('aaaa0001-0001-0001-0001-000000000011', '2024-08-01', 192),
('aaaa0001-0001-0001-0001-000000000011', '2024-09-01', 222),
('aaaa0001-0001-0001-0001-000000000011', '2024-10-01', 240),
('aaaa0001-0001-0001-0001-000000000011', '2024-11-01', 252),
('aaaa0001-0001-0001-0001-000000000011', '2024-12-01', 228);

-- Email Customers
INSERT INTO public.reporting_metric_values (metric_id, period_date, value) VALUES
('aaaa0001-0001-0001-0001-000000000012', '2024-01-01', 10),
('aaaa0001-0001-0001-0001-000000000012', '2024-02-01', 10),
('aaaa0001-0001-0001-0001-000000000012', '2024-03-01', 11),
('aaaa0001-0001-0001-0001-000000000012', '2024-04-01', 11),
('aaaa0001-0001-0001-0001-000000000012', '2024-05-01', 12),
('aaaa0001-0001-0001-0001-000000000012', '2024-06-01', 11),
('aaaa0001-0001-0001-0001-000000000012', '2024-07-01', 10),
('aaaa0001-0001-0001-0001-000000000012', '2024-08-01', 10),
('aaaa0001-0001-0001-0001-000000000012', '2024-09-01', 11),
('aaaa0001-0001-0001-0001-000000000012', '2024-10-01', 12),
('aaaa0001-0001-0001-0001-000000000012', '2024-11-01', 13),
('aaaa0001-0001-0001-0001-000000000012', '2024-12-01', 11);

-- PAID PERFORMANCE VALUES
-- Media Cost
INSERT INTO public.reporting_metric_values (metric_id, period_date, value) VALUES
('bbbb0001-0001-0001-0001-000000000001', '2024-01-01', 15000),
('bbbb0001-0001-0001-0001-000000000001', '2024-02-01', 16000),
('bbbb0001-0001-0001-0001-000000000001', '2024-03-01', 18000),
('bbbb0001-0001-0001-0001-000000000001', '2024-04-01', 17500),
('bbbb0001-0001-0001-0001-000000000001', '2024-05-01', 19000),
('bbbb0001-0001-0001-0001-000000000001', '2024-06-01', 16500),
('bbbb0001-0001-0001-0001-000000000001', '2024-07-01', 15500),
('bbbb0001-0001-0001-0001-000000000001', '2024-08-01', 14500),
('bbbb0001-0001-0001-0001-000000000001', '2024-09-01', 17000),
('bbbb0001-0001-0001-0001-000000000001', '2024-10-01', 20000),
('bbbb0001-0001-0001-0001-000000000001', '2024-11-01', 22000),
('bbbb0001-0001-0001-0001-000000000001', '2024-12-01', 18500);

-- CPC
INSERT INTO public.reporting_metric_values (metric_id, period_date, value) VALUES
('bbbb0001-0001-0001-0001-000000000002', '2024-01-01', 2.50),
('bbbb0001-0001-0001-0001-000000000002', '2024-02-01', 2.45),
('bbbb0001-0001-0001-0001-000000000002', '2024-03-01', 2.40),
('bbbb0001-0001-0001-0001-000000000002', '2024-04-01', 2.35),
('bbbb0001-0001-0001-0001-000000000002', '2024-05-01', 2.30),
('bbbb0001-0001-0001-0001-000000000002', '2024-06-01', 2.42),
('bbbb0001-0001-0001-0001-000000000002', '2024-07-01', 2.48),
('bbbb0001-0001-0001-0001-000000000002', '2024-08-01', 2.52),
('bbbb0001-0001-0001-0001-000000000002', '2024-09-01', 2.38),
('bbbb0001-0001-0001-0001-000000000002', '2024-10-01', 2.25),
('bbbb0001-0001-0001-0001-000000000002', '2024-11-01', 2.20),
('bbbb0001-0001-0001-0001-000000000002', '2024-12-01', 2.32);

-- Clicks
INSERT INTO public.reporting_metric_values (metric_id, period_date, value) VALUES
('bbbb0001-0001-0001-0001-000000000003', '2024-01-01', 6000),
('bbbb0001-0001-0001-0001-000000000003', '2024-02-01', 6531),
('bbbb0001-0001-0001-0001-000000000003', '2024-03-01', 7500),
('bbbb0001-0001-0001-0001-000000000003', '2024-04-01', 7447),
('bbbb0001-0001-0001-0001-000000000003', '2024-05-01', 8261),
('bbbb0001-0001-0001-0001-000000000003', '2024-06-01', 6818),
('bbbb0001-0001-0001-0001-000000000003', '2024-07-01', 6250),
('bbbb0001-0001-0001-0001-000000000003', '2024-08-01', 5754),
('bbbb0001-0001-0001-0001-000000000003', '2024-09-01', 7143),
('bbbb0001-0001-0001-0001-000000000003', '2024-10-01', 8889),
('bbbb0001-0001-0001-0001-000000000003', '2024-11-01', 10000),
('bbbb0001-0001-0001-0001-000000000003', '2024-12-01', 7974);

-- Cost per Signup
INSERT INTO public.reporting_metric_values (metric_id, period_date, value) VALUES
('bbbb0001-0001-0001-0001-000000000004', '2024-01-01', 75),
('bbbb0001-0001-0001-0001-000000000004', '2024-02-01', 72.73),
('bbbb0001-0001-0001-0001-000000000004', '2024-03-01', 69.23),
('bbbb0001-0001-0001-0001-000000000004', '2024-04-01', 66.04),
('bbbb0001-0001-0001-0001-000000000004', '2024-05-01', 63.33),
('bbbb0001-0001-0001-0001-000000000004', '2024-06-01', 68.75),
('bbbb0001-0001-0001-0001-000000000004', '2024-07-01', 72.22),
('bbbb0001-0001-0001-0001-000000000004', '2024-08-01', 76.32),
('bbbb0001-0001-0001-0001-000000000004', '2024-09-01', 65.38),
('bbbb0001-0001-0001-0001-000000000004', '2024-10-01', 58.82),
('bbbb0001-0001-0001-0001-000000000004', '2024-11-01', 55),
('bbbb0001-0001-0001-0001-000000000004', '2024-12-01', 61.67);

-- Signups (Paid)
INSERT INTO public.reporting_metric_values (metric_id, period_date, value) VALUES
('bbbb0001-0001-0001-0001-000000000005', '2024-01-01', 200),
('bbbb0001-0001-0001-0001-000000000005', '2024-02-01', 220),
('bbbb0001-0001-0001-0001-000000000005', '2024-03-01', 260),
('bbbb0001-0001-0001-0001-000000000005', '2024-04-01', 265),
('bbbb0001-0001-0001-0001-000000000005', '2024-05-01', 300),
('bbbb0001-0001-0001-0001-000000000005', '2024-06-01', 240),
('bbbb0001-0001-0001-0001-000000000005', '2024-07-01', 215),
('bbbb0001-0001-0001-0001-000000000005', '2024-08-01', 190),
('bbbb0001-0001-0001-0001-000000000005', '2024-09-01', 260),
('bbbb0001-0001-0001-0001-000000000005', '2024-10-01', 340),
('bbbb0001-0001-0001-0001-000000000005', '2024-11-01', 400),
('bbbb0001-0001-0001-0001-000000000005', '2024-12-01', 300);

-- Cost per Customer
INSERT INTO public.reporting_metric_values (metric_id, period_date, value) VALUES
('bbbb0001-0001-0001-0001-000000000006', '2024-01-01', 1500),
('bbbb0001-0001-0001-0001-000000000006', '2024-02-01', 1454.55),
('bbbb0001-0001-0001-0001-000000000006', '2024-03-01', 1384.62),
('bbbb0001-0001-0001-0001-000000000006', '2024-04-01', 1346.15),
('bbbb0001-0001-0001-0001-000000000006', '2024-05-01', 1266.67),
('bbbb0001-0001-0001-0001-000000000006', '2024-06-01', 1375),
('bbbb0001-0001-0001-0001-000000000006', '2024-07-01', 1550),
('bbbb0001-0001-0001-0001-000000000006', '2024-08-01', 1611.11),
('bbbb0001-0001-0001-0001-000000000006', '2024-09-01', 1307.69),
('bbbb0001-0001-0001-0001-000000000006', '2024-10-01', 1176.47),
('bbbb0001-0001-0001-0001-000000000006', '2024-11-01', 1100),
('bbbb0001-0001-0001-0001-000000000006', '2024-12-01', 1233.33);

-- Customers (Paid)
INSERT INTO public.reporting_metric_values (metric_id, period_date, value) VALUES
('bbbb0001-0001-0001-0001-000000000007', '2024-01-01', 10),
('bbbb0001-0001-0001-0001-000000000007', '2024-02-01', 11),
('bbbb0001-0001-0001-0001-000000000007', '2024-03-01', 13),
('bbbb0001-0001-0001-0001-000000000007', '2024-04-01', 13),
('bbbb0001-0001-0001-0001-000000000007', '2024-05-01', 15),
('bbbb0001-0001-0001-0001-000000000007', '2024-06-01', 12),
('bbbb0001-0001-0001-0001-000000000007', '2024-07-01', 10),
('bbbb0001-0001-0001-0001-000000000007', '2024-08-01', 9),
('bbbb0001-0001-0001-0001-000000000007', '2024-09-01', 13),
('bbbb0001-0001-0001-0001-000000000007', '2024-10-01', 17),
('bbbb0001-0001-0001-0001-000000000007', '2024-11-01', 20),
('bbbb0001-0001-0001-0001-000000000007', '2024-12-01', 15);

-- Revenue from Paid
INSERT INTO public.reporting_metric_values (metric_id, period_date, value) VALUES
('bbbb0001-0001-0001-0001-000000000008', '2024-01-01', 45000),
('bbbb0001-0001-0001-0001-000000000008', '2024-02-01', 49500),
('bbbb0001-0001-0001-0001-000000000008', '2024-03-01', 58500),
('bbbb0001-0001-0001-0001-000000000008', '2024-04-01', 58500),
('bbbb0001-0001-0001-0001-000000000008', '2024-05-01', 67500),
('bbbb0001-0001-0001-0001-000000000008', '2024-06-01', 54000),
('bbbb0001-0001-0001-0001-000000000008', '2024-07-01', 45000),
('bbbb0001-0001-0001-0001-000000000008', '2024-08-01', 40500),
('bbbb0001-0001-0001-0001-000000000008', '2024-09-01', 58500),
('bbbb0001-0001-0001-0001-000000000008', '2024-10-01', 76500),
('bbbb0001-0001-0001-0001-000000000008', '2024-11-01', 90000),
('bbbb0001-0001-0001-0001-000000000008', '2024-12-01', 67500);

-- ROAS
INSERT INTO public.reporting_metric_values (metric_id, period_date, value) VALUES
('bbbb0001-0001-0001-0001-000000000009', '2024-01-01', 3.00),
('bbbb0001-0001-0001-0001-000000000009', '2024-02-01', 3.09),
('bbbb0001-0001-0001-0001-000000000009', '2024-03-01', 3.25),
('bbbb0001-0001-0001-0001-000000000009', '2024-04-01', 3.34),
('bbbb0001-0001-0001-0001-000000000009', '2024-05-01', 3.55),
('bbbb0001-0001-0001-0001-000000000009', '2024-06-01', 3.27),
('bbbb0001-0001-0001-0001-000000000009', '2024-07-01', 2.90),
('bbbb0001-0001-0001-0001-000000000009', '2024-08-01', 2.79),
('bbbb0001-0001-0001-0001-000000000009', '2024-09-01', 3.44),
('bbbb0001-0001-0001-0001-000000000009', '2024-10-01', 3.83),
('bbbb0001-0001-0001-0001-000000000009', '2024-11-01', 4.09),
('bbbb0001-0001-0001-0001-000000000009', '2024-12-01', 3.65);

-- SOCIAL PERFORMANCE VALUES
-- YouTube Subscribers
INSERT INTO public.reporting_metric_values (metric_id, period_date, value) VALUES
('cccc0001-0001-0001-0001-000000000001', '2024-01-01', 12500),
('cccc0001-0001-0001-0001-000000000001', '2024-02-01', 12800),
('cccc0001-0001-0001-0001-000000000001', '2024-03-01', 13200),
('cccc0001-0001-0001-0001-000000000001', '2024-04-01', 13600),
('cccc0001-0001-0001-0001-000000000001', '2024-05-01', 14000),
('cccc0001-0001-0001-0001-000000000001', '2024-06-01', 14300),
('cccc0001-0001-0001-0001-000000000001', '2024-07-01', 14500),
('cccc0001-0001-0001-0001-000000000001', '2024-08-01', 14700),
('cccc0001-0001-0001-0001-000000000001', '2024-09-01', 15100),
('cccc0001-0001-0001-0001-000000000001', '2024-10-01', 15600),
('cccc0001-0001-0001-0001-000000000001', '2024-11-01', 16200),
('cccc0001-0001-0001-0001-000000000001', '2024-12-01', 16800);

-- YouTube Views
INSERT INTO public.reporting_metric_values (metric_id, period_date, value) VALUES
('cccc0001-0001-0001-0001-000000000002', '2024-01-01', 85000),
('cccc0001-0001-0001-0001-000000000002', '2024-02-01', 92000),
('cccc0001-0001-0001-0001-000000000002', '2024-03-01', 98000),
('cccc0001-0001-0001-0001-000000000002', '2024-04-01', 105000),
('cccc0001-0001-0001-0001-000000000002', '2024-05-01', 112000),
('cccc0001-0001-0001-0001-000000000002', '2024-06-01', 95000),
('cccc0001-0001-0001-0001-000000000002', '2024-07-01', 88000),
('cccc0001-0001-0001-0001-000000000002', '2024-08-01', 82000),
('cccc0001-0001-0001-0001-000000000002', '2024-09-01', 102000),
('cccc0001-0001-0001-0001-000000000002', '2024-10-01', 118000),
('cccc0001-0001-0001-0001-000000000002', '2024-11-01', 125000),
('cccc0001-0001-0001-0001-000000000002', '2024-12-01', 108000);

-- YouTube Watch Hours
INSERT INTO public.reporting_metric_values (metric_id, period_date, value) VALUES
('cccc0001-0001-0001-0001-000000000003', '2024-01-01', 4250),
('cccc0001-0001-0001-0001-000000000003', '2024-02-01', 4600),
('cccc0001-0001-0001-0001-000000000003', '2024-03-01', 4900),
('cccc0001-0001-0001-0001-000000000003', '2024-04-01', 5250),
('cccc0001-0001-0001-0001-000000000003', '2024-05-01', 5600),
('cccc0001-0001-0001-0001-000000000003', '2024-06-01', 4750),
('cccc0001-0001-0001-0001-000000000003', '2024-07-01', 4400),
('cccc0001-0001-0001-0001-000000000003', '2024-08-01', 4100),
('cccc0001-0001-0001-0001-000000000003', '2024-09-01', 5100),
('cccc0001-0001-0001-0001-000000000003', '2024-10-01', 5900),
('cccc0001-0001-0001-0001-000000000003', '2024-11-01', 6250),
('cccc0001-0001-0001-0001-000000000003', '2024-12-01', 5400);

-- LinkedIn Followers
INSERT INTO public.reporting_metric_values (metric_id, period_date, value) VALUES
('cccc0001-0001-0001-0001-000000000004', '2024-01-01', 8500),
('cccc0001-0001-0001-0001-000000000004', '2024-02-01', 8800),
('cccc0001-0001-0001-0001-000000000004', '2024-03-01', 9200),
('cccc0001-0001-0001-0001-000000000004', '2024-04-01', 9600),
('cccc0001-0001-0001-0001-000000000004', '2024-05-01', 10000),
('cccc0001-0001-0001-0001-000000000004', '2024-06-01', 10300),
('cccc0001-0001-0001-0001-000000000004', '2024-07-01', 10500),
('cccc0001-0001-0001-0001-000000000004', '2024-08-01', 10700),
('cccc0001-0001-0001-0001-000000000004', '2024-09-01', 11100),
('cccc0001-0001-0001-0001-000000000004', '2024-10-01', 11600),
('cccc0001-0001-0001-0001-000000000004', '2024-11-01', 12200),
('cccc0001-0001-0001-0001-000000000004', '2024-12-01', 12800);

-- LinkedIn Impressions
INSERT INTO public.reporting_metric_values (metric_id, period_date, value) VALUES
('cccc0001-0001-0001-0001-000000000005', '2024-01-01', 125000),
('cccc0001-0001-0001-0001-000000000005', '2024-02-01', 132000),
('cccc0001-0001-0001-0001-000000000005', '2024-03-01', 145000),
('cccc0001-0001-0001-0001-000000000005', '2024-04-01', 152000),
('cccc0001-0001-0001-0001-000000000005', '2024-05-01', 165000),
('cccc0001-0001-0001-0001-000000000005', '2024-06-01', 142000),
('cccc0001-0001-0001-0001-000000000005', '2024-07-01', 135000),
('cccc0001-0001-0001-0001-000000000005', '2024-08-01', 128000),
('cccc0001-0001-0001-0001-000000000005', '2024-09-01', 148000),
('cccc0001-0001-0001-0001-000000000005', '2024-10-01', 172000),
('cccc0001-0001-0001-0001-000000000005', '2024-11-01', 185000),
('cccc0001-0001-0001-0001-000000000005', '2024-12-01', 158000);

-- Twitter Followers
INSERT INTO public.reporting_metric_values (metric_id, period_date, value) VALUES
('cccc0001-0001-0001-0001-000000000006', '2024-01-01', 4200),
('cccc0001-0001-0001-0001-000000000006', '2024-02-01', 4350),
('cccc0001-0001-0001-0001-000000000006', '2024-03-01', 4500),
('cccc0001-0001-0001-0001-000000000006', '2024-04-01', 4650),
('cccc0001-0001-0001-0001-000000000006', '2024-05-01', 4800),
('cccc0001-0001-0001-0001-000000000006', '2024-06-01', 4900),
('cccc0001-0001-0001-0001-000000000006', '2024-07-01', 4980),
('cccc0001-0001-0001-0001-000000000006', '2024-08-01', 5050),
('cccc0001-0001-0001-0001-000000000006', '2024-09-01', 5200),
('cccc0001-0001-0001-0001-000000000006', '2024-10-01', 5400),
('cccc0001-0001-0001-0001-000000000006', '2024-11-01', 5650),
('cccc0001-0001-0001-0001-000000000006', '2024-12-01', 5900);

-- Twitter Impressions
INSERT INTO public.reporting_metric_values (metric_id, period_date, value) VALUES
('cccc0001-0001-0001-0001-000000000007', '2024-01-01', 45000),
('cccc0001-0001-0001-0001-000000000007', '2024-02-01', 48000),
('cccc0001-0001-0001-0001-000000000007', '2024-03-01', 52000),
('cccc0001-0001-0001-0001-000000000007', '2024-04-01', 55000),
('cccc0001-0001-0001-0001-000000000007', '2024-05-01', 58000),
('cccc0001-0001-0001-0001-000000000007', '2024-06-01', 51000),
('cccc0001-0001-0001-0001-000000000007', '2024-07-01', 48000),
('cccc0001-0001-0001-0001-000000000007', '2024-08-01', 45000),
('cccc0001-0001-0001-0001-000000000007', '2024-09-01', 54000),
('cccc0001-0001-0001-0001-000000000007', '2024-10-01', 62000),
('cccc0001-0001-0001-0001-000000000007', '2024-11-01', 68000),
('cccc0001-0001-0001-0001-000000000007', '2024-12-01', 58000);

-- Facebook Followers
INSERT INTO public.reporting_metric_values (metric_id, period_date, value) VALUES
('cccc0001-0001-0001-0001-000000000008', '2024-01-01', 15200),
('cccc0001-0001-0001-0001-000000000008', '2024-02-01', 15400),
('cccc0001-0001-0001-0001-000000000008', '2024-03-01', 15650),
('cccc0001-0001-0001-0001-000000000008', '2024-04-01', 15900),
('cccc0001-0001-0001-0001-000000000008', '2024-05-01', 16150),
('cccc0001-0001-0001-0001-000000000008', '2024-06-01', 16350),
('cccc0001-0001-0001-0001-000000000008', '2024-07-01', 16500),
('cccc0001-0001-0001-0001-000000000008', '2024-08-01', 16650),
('cccc0001-0001-0001-0001-000000000008', '2024-09-01', 16900),
('cccc0001-0001-0001-0001-000000000008', '2024-10-01', 17200),
('cccc0001-0001-0001-0001-000000000008', '2024-11-01', 17550),
('cccc0001-0001-0001-0001-000000000008', '2024-12-01', 17900);

-- Facebook Reach
INSERT INTO public.reporting_metric_values (metric_id, period_date, value) VALUES
('cccc0001-0001-0001-0001-000000000009', '2024-01-01', 68000),
('cccc0001-0001-0001-0001-000000000009', '2024-02-01', 72000),
('cccc0001-0001-0001-0001-000000000009', '2024-03-01', 78000),
('cccc0001-0001-0001-0001-000000000009', '2024-04-01', 82000),
('cccc0001-0001-0001-0001-000000000009', '2024-05-01', 88000),
('cccc0001-0001-0001-0001-000000000009', '2024-06-01', 75000),
('cccc0001-0001-0001-0001-000000000009', '2024-07-01', 70000),
('cccc0001-0001-0001-0001-000000000009', '2024-08-01', 65000),
('cccc0001-0001-0001-0001-000000000009', '2024-09-01', 80000),
('cccc0001-0001-0001-0001-000000000009', '2024-10-01', 92000),
('cccc0001-0001-0001-0001-000000000009', '2024-11-01', 98000),
('cccc0001-0001-0001-0001-000000000009', '2024-12-01', 85000);

-- Instagram Followers
INSERT INTO public.reporting_metric_values (metric_id, period_date, value) VALUES
('cccc0001-0001-0001-0001-000000000010', '2024-01-01', 6800),
('cccc0001-0001-0001-0001-000000000010', '2024-02-01', 7100),
('cccc0001-0001-0001-0001-000000000010', '2024-03-01', 7500),
('cccc0001-0001-0001-0001-000000000010', '2024-04-01', 7900),
('cccc0001-0001-0001-0001-000000000010', '2024-05-01', 8300),
('cccc0001-0001-0001-0001-000000000010', '2024-06-01', 8600),
('cccc0001-0001-0001-0001-000000000010', '2024-07-01', 8850),
('cccc0001-0001-0001-0001-000000000010', '2024-08-01', 9100),
('cccc0001-0001-0001-0001-000000000010', '2024-09-01', 9500),
('cccc0001-0001-0001-0001-000000000010', '2024-10-01', 10000),
('cccc0001-0001-0001-0001-000000000010', '2024-11-01', 10600),
('cccc0001-0001-0001-0001-000000000010', '2024-12-01', 11200);

-- Instagram Reach
INSERT INTO public.reporting_metric_values (metric_id, period_date, value) VALUES
('cccc0001-0001-0001-0001-000000000011', '2024-01-01', 42000),
('cccc0001-0001-0001-0001-000000000011', '2024-02-01', 45000),
('cccc0001-0001-0001-0001-000000000011', '2024-03-01', 49000),
('cccc0001-0001-0001-0001-000000000011', '2024-04-01', 52000),
('cccc0001-0001-0001-0001-000000000011', '2024-05-01', 56000),
('cccc0001-0001-0001-0001-000000000011', '2024-06-01', 48000),
('cccc0001-0001-0001-0001-000000000011', '2024-07-01', 44000),
('cccc0001-0001-0001-0001-000000000011', '2024-08-01', 41000),
('cccc0001-0001-0001-0001-000000000011', '2024-09-01', 50000),
('cccc0001-0001-0001-0001-000000000011', '2024-10-01', 58000),
('cccc0001-0001-0001-0001-000000000011', '2024-11-01', 62000),
('cccc0001-0001-0001-0001-000000000011', '2024-12-01', 54000);

-- TikTok Followers
INSERT INTO public.reporting_metric_values (metric_id, period_date, value) VALUES
('cccc0001-0001-0001-0001-000000000012', '2024-01-01', 2500),
('cccc0001-0001-0001-0001-000000000012', '2024-02-01', 2800),
('cccc0001-0001-0001-0001-000000000012', '2024-03-01', 3200),
('cccc0001-0001-0001-0001-000000000012', '2024-04-01', 3700),
('cccc0001-0001-0001-0001-000000000012', '2024-05-01', 4300),
('cccc0001-0001-0001-0001-000000000012', '2024-06-01', 4800),
('cccc0001-0001-0001-0001-000000000012', '2024-07-01', 5200),
('cccc0001-0001-0001-0001-000000000012', '2024-08-01', 5600),
('cccc0001-0001-0001-0001-000000000012', '2024-09-01', 6200),
('cccc0001-0001-0001-0001-000000000012', '2024-10-01', 6900),
('cccc0001-0001-0001-0001-000000000012', '2024-11-01', 7700),
('cccc0001-0001-0001-0001-000000000012', '2024-12-01', 8500);

-- TikTok Views
INSERT INTO public.reporting_metric_values (metric_id, period_date, value) VALUES
('cccc0001-0001-0001-0001-000000000013', '2024-01-01', 25000),
('cccc0001-0001-0001-0001-000000000013', '2024-02-01', 32000),
('cccc0001-0001-0001-0001-000000000013', '2024-03-01', 42000),
('cccc0001-0001-0001-0001-000000000013', '2024-04-01', 55000),
('cccc0001-0001-0001-0001-000000000013', '2024-05-01', 68000),
('cccc0001-0001-0001-0001-000000000013', '2024-06-01', 58000),
('cccc0001-0001-0001-0001-000000000013', '2024-07-01', 52000),
('cccc0001-0001-0001-0001-000000000013', '2024-08-01', 48000),
('cccc0001-0001-0001-0001-000000000013', '2024-09-01', 65000),
('cccc0001-0001-0001-0001-000000000013', '2024-10-01', 82000),
('cccc0001-0001-0001-0001-000000000013', '2024-11-01', 95000),
('cccc0001-0001-0001-0001-000000000013', '2024-12-01', 78000);

-- SALES ACTIVITY VALUES
-- Calls Made
INSERT INTO public.reporting_metric_values (metric_id, period_date, value) VALUES
('dddd0001-0001-0001-0001-000000000001', '2024-01-01', 320),
('dddd0001-0001-0001-0001-000000000001', '2024-02-01', 345),
('dddd0001-0001-0001-0001-000000000001', '2024-03-01', 380),
('dddd0001-0001-0001-0001-000000000001', '2024-04-01', 365),
('dddd0001-0001-0001-0001-000000000001', '2024-05-01', 400),
('dddd0001-0001-0001-0001-000000000001', '2024-06-01', 350),
('dddd0001-0001-0001-0001-000000000001', '2024-07-01', 310),
('dddd0001-0001-0001-0001-000000000001', '2024-08-01', 290),
('dddd0001-0001-0001-0001-000000000001', '2024-09-01', 370),
('dddd0001-0001-0001-0001-000000000001', '2024-10-01', 420),
('dddd0001-0001-0001-0001-000000000001', '2024-11-01', 450),
('dddd0001-0001-0001-0001-000000000001', '2024-12-01', 380);

-- Emails Sent
INSERT INTO public.reporting_metric_values (metric_id, period_date, value) VALUES
('dddd0001-0001-0001-0001-000000000002', '2024-01-01', 1200),
('dddd0001-0001-0001-0001-000000000002', '2024-02-01', 1350),
('dddd0001-0001-0001-0001-000000000002', '2024-03-01', 1500),
('dddd0001-0001-0001-0001-000000000002', '2024-04-01', 1450),
('dddd0001-0001-0001-0001-000000000002', '2024-05-01', 1600),
('dddd0001-0001-0001-0001-000000000002', '2024-06-01', 1380),
('dddd0001-0001-0001-0001-000000000002', '2024-07-01', 1250),
('dddd0001-0001-0001-0001-000000000002', '2024-08-01', 1150),
('dddd0001-0001-0001-0001-000000000002', '2024-09-01', 1480),
('dddd0001-0001-0001-0001-000000000002', '2024-10-01', 1680),
('dddd0001-0001-0001-0001-000000000002', '2024-11-01', 1800),
('dddd0001-0001-0001-0001-000000000002', '2024-12-01', 1520);

-- Demos Booked
INSERT INTO public.reporting_metric_values (metric_id, period_date, value) VALUES
('dddd0001-0001-0001-0001-000000000003', '2024-01-01', 45),
('dddd0001-0001-0001-0001-000000000003', '2024-02-01', 52),
('dddd0001-0001-0001-0001-000000000003', '2024-03-01', 58),
('dddd0001-0001-0001-0001-000000000003', '2024-04-01', 55),
('dddd0001-0001-0001-0001-000000000003', '2024-05-01', 62),
('dddd0001-0001-0001-0001-000000000003', '2024-06-01', 48),
('dddd0001-0001-0001-0001-000000000003', '2024-07-01', 42),
('dddd0001-0001-0001-0001-000000000003', '2024-08-01', 38),
('dddd0001-0001-0001-0001-000000000003', '2024-09-01', 56),
('dddd0001-0001-0001-0001-000000000003', '2024-10-01', 68),
('dddd0001-0001-0001-0001-000000000003', '2024-11-01', 75),
('dddd0001-0001-0001-0001-000000000003', '2024-12-01', 60);

-- Proposals Sent
INSERT INTO public.reporting_metric_values (metric_id, period_date, value) VALUES
('dddd0001-0001-0001-0001-000000000004', '2024-01-01', 28),
('dddd0001-0001-0001-0001-000000000004', '2024-02-01', 32),
('dddd0001-0001-0001-0001-000000000004', '2024-03-01', 36),
('dddd0001-0001-0001-0001-000000000004', '2024-04-01', 34),
('dddd0001-0001-0001-0001-000000000004', '2024-05-01', 38),
('dddd0001-0001-0001-0001-000000000004', '2024-06-01', 30),
('dddd0001-0001-0001-0001-000000000004', '2024-07-01', 26),
('dddd0001-0001-0001-0001-000000000004', '2024-08-01', 24),
('dddd0001-0001-0001-0001-000000000004', '2024-09-01', 35),
('dddd0001-0001-0001-0001-000000000004', '2024-10-01', 42),
('dddd0001-0001-0001-0001-000000000004', '2024-11-01', 46),
('dddd0001-0001-0001-0001-000000000004', '2024-12-01', 38);

-- SALES OUTCOME VALUES
-- Opportunities Created
INSERT INTO public.reporting_metric_values (metric_id, period_date, value) VALUES
('eeee0001-0001-0001-0001-000000000001', '2024-01-01', 35),
('eeee0001-0001-0001-0001-000000000001', '2024-02-01', 40),
('eeee0001-0001-0001-0001-000000000001', '2024-03-01', 45),
('eeee0001-0001-0001-0001-000000000001', '2024-04-01', 42),
('eeee0001-0001-0001-0001-000000000001', '2024-05-01', 48),
('eeee0001-0001-0001-0001-000000000001', '2024-06-01', 38),
('eeee0001-0001-0001-0001-000000000001', '2024-07-01', 32),
('eeee0001-0001-0001-0001-000000000001', '2024-08-01', 30),
('eeee0001-0001-0001-0001-000000000001', '2024-09-01', 44),
('eeee0001-0001-0001-0001-000000000001', '2024-10-01', 52),
('eeee0001-0001-0001-0001-000000000001', '2024-11-01', 58),
('eeee0001-0001-0001-0001-000000000001', '2024-12-01', 48);

-- Opportunities Won
INSERT INTO public.reporting_metric_values (metric_id, period_date, value) VALUES
('eeee0001-0001-0001-0001-000000000002', '2024-01-01', 12),
('eeee0001-0001-0001-0001-000000000002', '2024-02-01', 14),
('eeee0001-0001-0001-0001-000000000002', '2024-03-01', 16),
('eeee0001-0001-0001-0001-000000000002', '2024-04-01', 15),
('eeee0001-0001-0001-0001-000000000002', '2024-05-01', 17),
('eeee0001-0001-0001-0001-000000000002', '2024-06-01', 13),
('eeee0001-0001-0001-0001-000000000002', '2024-07-01', 11),
('eeee0001-0001-0001-0001-000000000002', '2024-08-01', 10),
('eeee0001-0001-0001-0001-000000000002', '2024-09-01', 15),
('eeee0001-0001-0001-0001-000000000002', '2024-10-01', 18),
('eeee0001-0001-0001-0001-000000000002', '2024-11-01', 20),
('eeee0001-0001-0001-0001-000000000002', '2024-12-01', 17);

-- Pipeline Value
INSERT INTO public.reporting_metric_values (metric_id, period_date, value) VALUES
('eeee0001-0001-0001-0001-000000000003', '2024-01-01', 350000),
('eeee0001-0001-0001-0001-000000000003', '2024-02-01', 400000),
('eeee0001-0001-0001-0001-000000000003', '2024-03-01', 450000),
('eeee0001-0001-0001-0001-000000000003', '2024-04-01', 420000),
('eeee0001-0001-0001-0001-000000000003', '2024-05-01', 480000),
('eeee0001-0001-0001-0001-000000000003', '2024-06-01', 380000),
('eeee0001-0001-0001-0001-000000000003', '2024-07-01', 320000),
('eeee0001-0001-0001-0001-000000000003', '2024-08-01', 300000),
('eeee0001-0001-0001-0001-000000000003', '2024-09-01', 440000),
('eeee0001-0001-0001-0001-000000000003', '2024-10-01', 520000),
('eeee0001-0001-0001-0001-000000000003', '2024-11-01', 580000),
('eeee0001-0001-0001-0001-000000000003', '2024-12-01', 480000);

-- Revenue
INSERT INTO public.reporting_metric_values (metric_id, period_date, value) VALUES
('eeee0001-0001-0001-0001-000000000004', '2024-01-01', 120000),
('eeee0001-0001-0001-0001-000000000004', '2024-02-01', 140000),
('eeee0001-0001-0001-0001-000000000004', '2024-03-01', 160000),
('eeee0001-0001-0001-0001-000000000004', '2024-04-01', 150000),
('eeee0001-0001-0001-0001-000000000004', '2024-05-01', 170000),
('eeee0001-0001-0001-0001-000000000004', '2024-06-01', 130000),
('eeee0001-0001-0001-0001-000000000004', '2024-07-01', 110000),
('eeee0001-0001-0001-0001-000000000004', '2024-08-01', 100000),
('eeee0001-0001-0001-0001-000000000004', '2024-09-01', 150000),
('eeee0001-0001-0001-0001-000000000004', '2024-10-01', 180000),
('eeee0001-0001-0001-0001-000000000004', '2024-11-01', 200000),
('eeee0001-0001-0001-0001-000000000004', '2024-12-01', 170000);

-- ACV (Average Contract Value)
INSERT INTO public.reporting_metric_values (metric_id, period_date, value) VALUES
('eeee0001-0001-0001-0001-000000000005', '2024-01-01', 10000),
('eeee0001-0001-0001-0001-000000000005', '2024-02-01', 10000),
('eeee0001-0001-0001-0001-000000000005', '2024-03-01', 10000),
('eeee0001-0001-0001-0001-000000000005', '2024-04-01', 10000),
('eeee0001-0001-0001-0001-000000000005', '2024-05-01', 10000),
('eeee0001-0001-0001-0001-000000000005', '2024-06-01', 10000),
('eeee0001-0001-0001-0001-000000000005', '2024-07-01', 10000),
('eeee0001-0001-0001-0001-000000000005', '2024-08-01', 10000),
('eeee0001-0001-0001-0001-000000000005', '2024-09-01', 10000),
('eeee0001-0001-0001-0001-000000000005', '2024-10-01', 10000),
('eeee0001-0001-0001-0001-000000000005', '2024-11-01', 10000),
('eeee0001-0001-0001-0001-000000000005', '2024-12-01', 10000);